[{
    "image":"products-images/makeup items2.png",
    "title":"LAKME Makeup",
    "description":"this is the girl's makeup .",
    "price":"4.99"

},


{
    "image":"products-images/makeup items3.png",
    "title":"MABELLINE Makeup",
    "description":"this is the girl's makeup .",
    "price":"9.99"

},


{
    "image":"products-images/perfume1.png",
    "title":"Flowerbomb Eau de Parfu",
    "description":"this is girl's scent.so decent and elegant to wear .",
    "price":"2.99"

},
{
    "image":"products-images/perfume2.png",
    "title":"Gucci Bloom Eau de Parfum",
    "description":"this is girl's scent.so decent and elegant to wear .",
    "price":"7.99"

},
{
    "image":"products-images/purse1.png",
    "title":"GUCCI Bags",
    "description":" this is girl's bags.so decent and elegant to carry .",
    "price":"4.99"

},
{
    "image":"products-images/purse2.png",
    "title":"Burberry Bags",
    "description":" this is girl's bags.so decent and elegant to carry .",
    "price":"5.99"

}



]